"Guid","Name","SBQQ__MethodName__c","SBQQ__Version__c"
0410e564-cbc8-4d02-b042-9564758f3696,a2X8c000004bY5M,SBQQ.InstallProcessorBatchRequiredByAsset,228.7
09679705-aaa5-407f-9689-6d1d3f43c11e,a2X8c000004bY5X,SBQQ.InstallProcessorBatchHasCS,228.7
0b789186-a89f-4773-b60f-6738bb2690f2,a2X8c000004bY5G,createAddRecommendedProductsAction,228.7
0f4b32a8-f507-4dc7-9dbd-55c97af27620,a2X8c000004bY5Y,SBQQ.CustomActionRefFieldGenerator,228.7
16ef2757-f501-4fe1-acc2-5418cb2b21eb,a2X8c000004bY5c,SBQQ.RootIdSetterParentAssets,228.7
17ebbb56-0739-4f14-b5ee-1fe820185292,a2X8c000004bY5B,createExternalConfiguratorCustomAction,228.7
1f634a5d-e2b8-4082-988e-239edec09d57,a2X8c000004bY5L,SBQQ.InstallProcessorBatchQLIPriceBookEntry,228.7
2a41a1e4-abe7-454f-a2d4-062bf52547f6,a2X8c000004bY5C,createAmendSubscriptionsCustomQleAction,228.7
3aa09b0c-b5b1-4d26-9dd2-812f9a3429f0,a2X8c000004bY5U,SBQQ.SummaryVarRefFieldGenerator,228.7
4ed555a7-075c-47e0-b83c-be76d00b118e,a2X8c000004bY5E,createConfiguratorEditRulesAction,228.7
54870e7d-7d14-4305-811e-8c9b76d2515c,a2X8c000004bY5d,SBQQ.RootIdSetterChildSubscriptions,228.7
58d8cc5c-01f1-4c11-a333-8596f75384d7,a2X8c000004bY5e,SBQQ.RootIdSetterChildAssets,228.7
5964a518-b777-4f26-8725-440e3aa126c4,a2X8c000004bY5J,CalculatorReferencedFieldRemover,228.7
6a290371-f9ce-4eb7-9a7d-f6b5c6bc7d3b,a2X8c000004bY5a,SBQQ.BatchableConfigAttrReferencedFieldUtil,228.7
7374f0e9-9e84-4982-b3ea-cb7f3dff3ab4,a2X8c000004bY5A,createViewConsumptionScheduleLineAction,228.7
749f2509-2735-4856-9f4a-d0a21c6d48d6,a2X8c000004bY5S,SBQQ.DiscountScheduleRefFieldGenerator,228.7
7c4d823d-1619-4430-835a-9e0683b81191,a2X8c000004bY5V,SBQQ.ProductRuleRefFieldGenerator,228.7
8ab47390-553e-42af-963f-6363196995a6,a2X8c000004bY5Z,SBQQ.ProductRefFieldGenerator,228.7
8c94903a-6a62-4da3-a694-d74926562750,a2X8c000004bY5T,updateOIsWithAssetsContractsSubs,228.7
aa7ac206-5a0e-4b44-9a53-3d39b95d942a,a2X8c000004bY5D,viewPricingGuidanceLineAction,228.7
b58ac4c0-82e1-4ac5-8518-76d0898066ed,a2X8c000004bY5F,enableFlagToPreventBackdatedAmendments,228.7
bb4ba38d-d460-4854-97a8-34187f9eca7c,a2X8c000004bY5R,SBQQ.InstallProcessorBatchAssetCombineKey,228.7
bc46f1db-469a-451e-8820-e3b144271fa5,a2X8c000004bY5b,SBQQ.RootIdSetterParentSubscriptions,228.7
c18c4f3f-1437-4b7c-bc66-6b9c57e97a89,a2X8c000004bY5W,SBQQ.PriceRuleRefFieldGenerator,228.7
c32fc132-0a7b-4615-8984-1fa9fe567629,a2X8c000004bY5P,SBQQ.BatchableDSExclusionGenerator,228.7
c7a97919-ff59-4282-91da-73872cdf16f7,a2X8c000004bY5O,SBQQ.InstallProcessorBatchLocalizationIndex,228.7
ce27fca9-e0a0-4c99-80e5-d2fd16dcf88f,a2X8c000004bY5N,SBQQ.ReferencedFieldRemover,228.7
e0f460f3-c22b-4011-890c-fa63de4e3142,a2X8c000004bY5H,SBQQ.InstallProcessorBatchRegularPrice,228.7
e20b2ebc-90d7-4d9c-a379-3a0183bbb7bd,a2X8c000004bY59,createCustomActionsOnQLE,228.7
e60349b2-228d-4984-9624-87f2ef1de0fc,a2X8c000004bY5K,SBQQ.BatchablePluginTranspileUtil,228.7
e8fdf1c1-96fc-4753-b8db-98837c471835,a2X8c000004bY5Q,SBQQ.InstallProcessorBatchThemeGenerator,228.7
ed14e746-1c48-49a3-9527-08f2677ff27c,a2X8c000004bY5I,SBQQ.InstallProcessorBatchQuantityEditable,228.7
